remote_branch	commit
history/2026-07-26/02bed007ee12	02bed007ee12b1d20a65ce392809ef58d7af6a38
history/2026-07-26/0427f2bf783f	0427f2bf783f451325623990e74d49b0808073b9
history/2026-07-26/0657888d72d1	0657888d72d1dc3b4e7d50806f1ddc440cd3b335
history/2026-07-26/0d80f935ae08	0d80f935ae081cc032768eef66b57ab0749dbe11
history/2026-07-26/0f2f0511dfb1	0f2f0511dfb1f7e93a2a149d33899188f62d10ac
history/2026-07-26/0f32d7da83c5	0f32d7da83c5cfb17aa1a441025277a89e72c897
history/2026-07-26/1062e8e852ec	1062e8e852ecf31594c7d5d4c669c876770fb7e4
history/2026-07-26/121a088dd00e	121a088dd00ee7ba1f1a043fea0d91b82fc41e57
history/2026-07-26/128dd277e826	128dd277e826718e167ca2cd42f5a04771b37001
history/2026-07-26/13bf90fc89a3	13bf90fc89a344f7ed5d863b9d285eaf0cd33a2e
history/2026-07-26/148cf9b8e8a2	148cf9b8e8a2b97408afb9fcfc2a4f76ff049d6f
history/2026-07-26/175c7b2d2671	175c7b2d2671df7255c8509256209cfb7266b2e3
history/2026-07-26/1b03b672cbee	1b03b672cbee889b0556816f8f161b8c03e6cc6a
history/2026-07-26/1c35e514ba69	1c35e514ba6959691e2503dc5d453deb29b1d73e
history/2026-07-26/1c63e1ab400d	1c63e1ab400d4d2bc48920b9d14c04eb66a1b02e
history/2026-07-26/1dff36e519ab	1dff36e519ab0e9c329edeff44b092c3365992cd
history/2026-07-26/1fefbd5778f1	1fefbd5778f13af7dcbf0765e060b84f2e002b51
history/2026-07-26/1ff2c817dfea	1ff2c817dfea413bd601088515725a79d44027e8
history/2026-07-26/24f448c7b98a	24f448c7b98aca0046b4dbd694681fc39c3e25dc
history/2026-07-26/2626567e0e46	2626567e0e46a8b9235a1d6e506eb7595b305609
history/2026-07-26/280e8dd1d530	280e8dd1d53027d2752bfee112ed503b5b3b45af
history/2026-07-26/290b118ba560	290b118ba560b55ec0c39ee7106fdeac096ac5ed
history/2026-07-26/2e272199bdf5	2e272199bdf58935906948a41cdbf5cea12c59ad
history/2026-07-26/2f0dcc6f46a3	2f0dcc6f46a336f01fbf37e058ad7263b0aa618c
history/2026-07-26/2f29e989808e	2f29e989808eb795c39856a49e473559b68e41b8
history/2026-07-26/2f40921ab0c2	2f40921ab0c2e1e9de223e0c12fdfc69ba0ce0da
history/2026-07-26/304632e7a8dc	304632e7a8dc115dbdb990f2a002c0438a2ea1ba
history/2026-07-26/3163fcb04a94	3163fcb04a944688ec2883a22c025d2445368f4d
history/2026-07-26/341f90153a1c	341f90153a1c7e53857c5fa28f33aa9b6d3bb87e
history/2026-07-26/36b43c0b7076	36b43c0b70765c520789821c0d2e6f54bce6bcd8
history/2026-07-26/3a38200fdc4b	3a38200fdc4b6b22dcf329f591999aef1772a800
history/2026-07-26/3ab7cd276cd1	3ab7cd276cd12824bd262f46128719c285eaa748
history/2026-07-26/3ced248930b7	3ced248930b71e65cee89d9e9b5cb9a5dddb6dbf
history/2026-07-26/407d725883c3	407d725883c3bcdb80bf57308a08df3795152805
history/2026-07-26/40ac12225eb7	40ac12225eb70e75a4768547186969117baaa360
history/2026-07-26/433e83323e86	433e83323e86251bd9b3d3dbd2ffadd9a2d53cd5
history/2026-07-26/44043b3a2d84	44043b3a2d8440a3b452ea3ef046769806b1d212
history/2026-07-26/444838637f69	444838637f698d73e1b6853cf7c1655f6427c509
history/2026-07-26/458254f579ab	458254f579ab60a7f6c432c113d9973b1b19376b
history/2026-07-26/460efacc78d6	460efacc78d640c1269234a17f4ab25c32f431bd
history/2026-07-26/487e2925ed27	487e2925ed27553a4ddbaabfdb3cee001999977e
history/2026-07-26/488792a1428f	488792a1428f06e19fa1ac9b8a22a73cfb5a58d7
history/2026-07-26/4933fc1c83d4	4933fc1c83d4654debab094ecc04ce4b0bf61234
history/2026-07-26/4a24c01e9e4b	4a24c01e9e4bb6a339ed771ba7601403642a8aba
history/2026-07-26/4ac8e18d3c4a	4ac8e18d3c4aa6215491a00df4aec69a124b1683
history/2026-07-26/4b1d01781b3b	4b1d01781b3bc018ef76a478769a1da2170d3f21
history/2026-07-26/4d7d757bbacd	4d7d757bbacdebd8981e6b9e4990816b906e5c1c
history/2026-07-26/4e9d050d945e	4e9d050d945ee2ba954a63cb42caa01988dd1def
history/2026-07-26/52f937d8a6a2	52f937d8a6a2fac5665949bc41fc244dbc628786
history/2026-07-26/5562eb910c08	5562eb910c0860f85584822b17ef3eb8b164351e
history/2026-07-26/58a3a8c547d3	58a3a8c547d352f46045d44c0bdd466cd496e1c5
history/2026-07-26/5c247cc47557	5c247cc47557c9d33e4fb7dd8edfbce2b69f211d
history/2026-07-26/5c67563cc1dc	5c67563cc1dcb12797de7bc9e06a09c41a66bac8
history/2026-07-26/5fa1cd5353fa	5fa1cd5353fac7b4d33ecb7fcd1387d1e9e6e5f7
history/2026-07-26/5fae325dd1c1	5fae325dd1c1703633d462ddfb71eceea1db47a6
history/2026-07-26/627b41de1873	627b41de1873cd05bab4d994898200ba6018b55e
history/2026-07-26/63f02d8df40f	63f02d8df40f5a363c70aadafcf4cacf1b695de0
history/2026-07-26/6a88a7ed671c	6a88a7ed671c92a41a59349217676031241932ae
history/2026-07-26/6b652927f8a7	6b652927f8a76865468ff4acb738b72bb58fb829
history/2026-07-26/6cb5723b9876	6cb5723b9876e331d0051d35b5cb6057c1de596d
history/2026-07-26/71c86b1a7caa	71c86b1a7caa68182744aa8c955e629e81389cad
history/2026-07-26/74d9b993fc02	74d9b993fc0251c067b4dfd232cdd40a332ed3e5
history/2026-07-26/752ce5c1a967	752ce5c1a96797145b5572f0ea4646753d13d434
history/2026-07-26/75b551e0c81e	75b551e0c81e9a9f252c7c965b5231cec86cfd78
history/2026-07-26/7745b79dc4f8	7745b79dc4f808418e5595ed27d83a27df3fe0eb
history/2026-07-26/788d064bfc81	788d064bfc81f905cff6483ebca20a205d67c7c7
history/2026-07-26/794312a54c94	794312a54c9483841c487c19912da6f73d4c7d0f
history/2026-07-26/7e42232f3f56	7e42232f3f563d312a4dfd1e5f50752d6d72c3bb
history/2026-07-26/802663b46d4f	802663b46d4f028a2fcab8b5b348370e583d9548
history/2026-07-26/8072ab99b98c	8072ab99b98c13ea00f37ab2e0d27b0c192331af
history/2026-07-26/8130e179272a	8130e179272aca49df1779a5bd1b06dd9a7c8243
history/2026-07-26/81feb46b6b00	81feb46b6b00f070a7d58ab3256eee62434b00a2
history/2026-07-26/85c25687b93e	85c25687b93eef91344572e1e955ee9c399321f2
history/2026-07-26/8697bbdf2faa	8697bbdf2faaf1500de0d028b3448da769f9d72d
history/2026-07-26/8c9e2f3b5bc3	8c9e2f3b5bc35a031628bb0aeabd8b73838ffdeb
history/2026-07-26/8dfdfd79cd34	8dfdfd79cd34f243cc94bd42465d714cea74323a
history/2026-07-26/8eb042bf4ef6	8eb042bf4ef611bf13581f61ab57626b75805eed
history/2026-07-26/8f2dc66067e8	8f2dc66067e80a921ec67deb1e859fc260b3063e
history/2026-07-26/90dce27c57b0	90dce27c57b0281ca8e1526c333d6b494bc8b388
history/2026-07-26/91e0891a58b6	91e0891a58b6f9e6f02f846d9a516ceb70ebc82b
history/2026-07-26/938b1fd39786	938b1fd397865dde9b0a78632ef4a9463c2c6e73
history/2026-07-26/9414a46abf45	9414a46abf458c9047c763ba926a49d96ebeea3c
history/2026-07-26/986a618476fe	986a618476fe022f16970f1a059bca86188058ea
history/2026-07-26/9922b34e8f64	9922b34e8f645d277bc5ea16e79549fedc1f1d66
history/2026-07-26/995311acfe96	995311acfe96ecc6574f7d73218bb70d5a6c12de
history/2026-07-26/9a4ef5239646	9a4ef5239646499c4674bdc3d8ff4105e279d522
history/2026-07-26/9a5bd724308f	9a5bd724308f6e1caa1325edc98df99575b26e5c
history/2026-07-26/9b1afdf88f92	9b1afdf88f922ab48b2492bde67b09573d49ce5c
history/2026-07-26/9ce22f41ccae	9ce22f41ccae5397dc0cbfe43fa12ce100f7a00f
history/2026-07-26/9da86231b0e1	9da86231b0e1a8bf098076285eb15c266b1b8b96
history/2026-07-26/9e320c8b4775	9e320c8b4775fb7952eafcb8a461b0314344fca6
history/2026-07-26/9e510a2f67cb	9e510a2f67cbff763a5773f9eeb9640c8624ebf4
history/2026-07-26/9f401558ac7a	9f401558ac7a9b9160e4eaef99bc09927bbefb7a
history/2026-07-26/a0580bafd6a8	a0580bafd6a87b62fede9840c072c6488d9e8ce6
history/2026-07-26/a05cb32a8227	a05cb32a8227c58cf8986bdc192e9991795de9f3
history/2026-07-26/a12c5ed502b4	a12c5ed502b4c86ab747e1a6855d5ac249357308
history/2026-07-26/a2a1a5abd236	a2a1a5abd236fce82b05aad0eed9633c4c6b865f
history/2026-07-26/a43f6b1267d5	a43f6b1267d5612d06441567251a1ac11e05f3a7
history/2026-07-26/a56912d2926a	a56912d2926a2006c5ab004447e95e7b8174f283
history/2026-07-26/a6af54286e43	a6af54286e43f97a6bdaba3eb2dd6c36b253ce48
history/2026-07-26/a738a2ead174	a738a2ead174aa5f8caced1234269a9e764c9d0e
history/2026-07-26/a85156977955	a85156977955eb8e51a9b989a79dfe6097573eae
history/2026-07-26/aa6b8be7a1af	aa6b8be7a1af17a79cb89e62cab876f727b89868
history/2026-07-26/ab2303ea483b	ab2303ea483bc7f8ef70f1c740740be15f7c3d63
history/2026-07-26/b0d1cbe20748	b0d1cbe20748f8d6cc2ae53dfb438b8581ed38cd
history/2026-07-26/b23ec47bc870	b23ec47bc870be03c4c74877e639658329423370
history/2026-07-26/b325fefe7824	b325fefe7824623cbf904cf05bf6253968e487b9
history/2026-07-26/b3c4cc053cb5	b3c4cc053cb580e32ab2dce5d97be9a043b012a4
history/2026-07-26/b424111af87c	b424111af87c32e67b365f169c585fd6a7c508df
history/2026-07-26/b4909b724017	b4909b724017526928f1dd548bd472321eafe614
history/2026-07-26/b4cad8d90d75	b4cad8d90d750c24a65ababd30996177b2b513e8
history/2026-07-26/b4efb1d64e87	b4efb1d64e8788ae02ade695ab3656548e6cde3a
history/2026-07-26/b52a862620c4	b52a862620c4546a98492d456ece3b62c10c2e2a
history/2026-07-26/b8f87d6bb800	b8f87d6bb800b923f6d9cb3da9db86321e410de5
history/2026-07-26/baaa1ff6450c	baaa1ff6450c2802b00a42a98833bda0ed54c8c7
history/2026-07-26/bab70f97aa4f	bab70f97aa4f27329f2901c763562784aa273b3e
history/2026-07-26/bafab835e1ce	bafab835e1cec57b7b67b8e1e8338a14d190dad2
history/2026-07-26/bc34f8b5decd	bc34f8b5decddfa4f3aa4e804ad1ed8d839fb02b
history/2026-07-26/bc38c0e86a1f	bc38c0e86a1f1dfac05231de6f19ad9abf78e388
history/2026-07-26/bdcff2bf48d7	bdcff2bf48d7d2df0d00e7145aa6fb1edd67951a
history/2026-07-26/bdebaee0bde8	bdebaee0bde818fb3cd0ae7b80407bc86598afc8
history/2026-07-26/bfc0b26a7d11	bfc0b26a7d11d0816c532e9ca2681f982695656e
history/2026-07-26/bfee5a463fe0	bfee5a463fe0422bbcb298837606102aacd6760c
history/2026-07-26/c090d0eb164c	c090d0eb164c1ae5313972ec4a54ad6a5203516f
history/2026-07-26/c0b8cbd99197	c0b8cbd99197c4a127ab25c03bd9a73e31d46a70
history/2026-07-26/c206f5e31ed1	c206f5e31ed198c507635cceafa04ccd6c01a6c7
history/2026-07-26/c24ce4fad014	c24ce4fad0143251c16fc2fd1ba52037b659f1d6
history/2026-07-26/c30d316bc9a2	c30d316bc9a2bcc1d2f8091a2c5b1462672dec24
history/2026-07-26/c325b4d2872c	c325b4d2872c8efd8cbd14c60d5de12b8659f5fb
history/2026-07-26/c64c7fe1f0e8	c64c7fe1f0e8118153df71d5d5dfae192fe31027
history/2026-07-26/c77e726198ee	c77e726198ee633f65490a0c515205cbe6d07f11
history/2026-07-26/c7eb3d2c636b	c7eb3d2c636bd00f4bb10108ac1bc85aecf6422e
history/2026-07-26/c89e4ce94f5f	c89e4ce94f5f55a17a444d247fda707926aec13f
history/2026-07-26/c916106d37ab	c916106d37ab958881b956c8a5396802112d779e
history/2026-07-26/cf173853a082	cf173853a0826a0c3b09ca46b4b8c356b7aa83cd
history/2026-07-26/d16e351b88f2	d16e351b88f26a2c84845a3d94bdfdab11babb34
history/2026-07-26/d29c2ccff7ee	d29c2ccff7ee63494a6c686b95a1aeec0411ed6c
history/2026-07-26/d4df11175737	d4df11175737cf4641bd7828700cbff2e0efe008
history/2026-07-26/d5cd17a46c6f	d5cd17a46c6f6fafe8020c8af9f959efb12d5603
history/2026-07-26/d66ff6a43739	d66ff6a437394028daa96a701a1234a444eb312a
history/2026-07-26/daf3b547acab	daf3b547acabff42560cdfbdf6df5054f5a395b1
history/2026-07-26/db49b90e845a	db49b90e845a52a59f00855fd4bd3b97c6d85306
history/2026-07-26/deae94e2a309	deae94e2a3095c0534ae8264bfd947b26c8c1fcd
history/2026-07-26/decaa8b5d0a3	decaa8b5d0a33e24517c1e6b029ff3a89898fb30
history/2026-07-26/df43977df765	df43977df765d6f06ce8148656a30b381afd9e8c
history/2026-07-26/e10d0b5e63bc	e10d0b5e63bcd51faeeef6b78c4fb2445382f998
history/2026-07-26/e19928f2dcff	e19928f2dcfff1465f9706ca6b8ce02a44660c73
history/2026-07-26/e21c5992a392	e21c5992a3921b466729767be12666316d818bd1
history/2026-07-26/e22340a9b0c0	e22340a9b0c07845ee090cbe550165a9bc75fc68
history/2026-07-26/e42e5e710050	e42e5e710050df7cc72db36d249a3d6da1451fdc
history/2026-07-26/e4875e80fe8d	e4875e80fe8dd8ff1b34907f41704d63f832cc3a
history/2026-07-26/e71a12e7c735	e71a12e7c735f1c483357d7533e938dd6d404d55
history/2026-07-26/e8e16ff5df33	e8e16ff5df33aaeecd57c3450c606e684b84e674
history/2026-07-26/e8e604732ca5	e8e604732ca532f5c32633f82b894e1f7cbe2ab9
history/2026-07-26/e9a26215baeb	e9a26215baeb69974d1d6d6874262c1908386049
history/2026-07-26/ea9de7b92a69	ea9de7b92a6985e289c7298f74bf3b9ebfb31362
history/2026-07-26/efd2bb66c15d	efd2bb66c15dcea5f2ad6d59cb6cc132e710cf01
history/2026-07-26/f13601d354b7	f13601d354b7aae4361ce88f947fe3508bafd368
history/2026-07-26/f1adff647992	f1adff647992625a8ecbce24fe8dd669fd3117fb
history/2026-07-26/f23d37b2fc5d	f23d37b2fc5d7df67c836951374d423bf8c94ab5
history/2026-07-26/f3024a4a5dbe	f3024a4a5dbe561aa4ea5c3f22b181443929b07e
history/2026-07-26/f307c32d937a	f307c32d937ab5f4b2a612076c857be8e8bd103a
history/2026-07-26/f44d32b69e95	f44d32b69e9502b912bb4a1d1721010d077f57b7
history/2026-07-26/f80e5f2846a0	f80e5f2846a01e49e0893d01feeb8de6a3236dd7
history/2026-07-26/fab6257a99bc	fab6257a99bca326149a180949287bf96a22ed3b
recovery-safe/2026-07-26/ci-ratchets	907606728ce9824f4dc40daa568b84dc4a24e4ab
recovery-safe/2026-07-26/origin-develop-artifacts	daf90c012e24e8a395f8792dd5889f0f1424f671
recovery-safe/2026-07-26/wt-17061	92cc21ea3273568a65521e277f65c3b96791b28c
recovery-safe/2026-07-26/wt-17119	f0a63dd14e2d22346043b13d60baede883f00eee
recovery/2026-07-26/17110-lifecycle	01410517cbb0e8c7dfc6dae38fa826ce773c98b6
recovery/2026-07-26/account-pool	b4b196601683314a8fe1f130cbed98325008f690
recovery/2026-07-26/auto-00172b0403	03628d61c3aa1f875548ccd41632eb0895124667
recovery/2026-07-26/auto-009fe1805d	f753f20a0347d465a9d54a7420e43cb2f4173078
recovery/2026-07-26/auto-00b184c9a5	93d6b137b69aac3da8bace1aad2e7b04c4f4cde1
recovery/2026-07-26/auto-0661ad286d	22c4919eb219633fce35ccfc8233cb7810d1eab8
recovery/2026-07-26/auto-07882a5370	9307325ca4c6298b970008d335dd3878c83f5234
recovery/2026-07-26/auto-083057609c	35bd5811952df8fb2819ca60e2db24c8b9f82f8b
recovery/2026-07-26/auto-0b452f93f1	3821c3c1d60ad06a726fc670a5349fdc71daa318
recovery/2026-07-26/auto-0e96e11d8b	94b065ffb2f304f5ad78a11c5b078374316e84e3
recovery/2026-07-26/auto-12c4a9afe9	ddb8224d8d52f3c90d4ec887262648796ad8a520
recovery/2026-07-26/auto-17af1b1c59	a4df75f04a3e2cefcf7545536afa208af4169783
recovery/2026-07-26/auto-192566c8b4	31e70989f59bb25077f99475a34ccbb1e88316f7
recovery/2026-07-26/auto-1937cb81dd	90c96f422af9efafc0ad0abf7568d63c49249a01
recovery/2026-07-26/auto-216d676a23	5e15f8afd04b788c487847c1099f88395430c36b
recovery/2026-07-26/auto-25e0ba4540	736fe3a6745e21b444ce5fc5bad38d56bce7d8b2
recovery/2026-07-26/auto-27a0beeeea	6bbbc042b728d8d7ee8fbe4449ce9d1e1f0e5f36
recovery/2026-07-26/auto-2b3f97d57e	d1466f9b5c44e4a850011678a0d67ea1fe8a0d9d
recovery/2026-07-26/auto-388d63274a	fd50c98571f6beeeeb59476d251e895d79da83c6
recovery/2026-07-26/auto-3f2aa2070f	948ba00cd4de0dc16439148f88144484a878ed42
recovery/2026-07-26/auto-49f3f76e45	b13c1b8bfdb29a76d852d9e275bdbd1459d04bfe
recovery/2026-07-26/auto-50d5cb7f8e	e95deaea65848ec47a2295eff1847818ab6569b2
recovery/2026-07-26/auto-52f8de70f2	f1e7fdda0c29125b3258879415473be56b7643c2
recovery/2026-07-26/auto-53a4251ef8	9b49f01c3836f9464a80fe03224e79597be13d02
recovery/2026-07-26/auto-55bcfc7d90	0b3d042ea8fad56eb4eb05e457202b24817ccc13
recovery/2026-07-26/auto-5b0aa03bc9	563cb7e27d41aae47eb43fff34ae72f91609a152
recovery/2026-07-26/auto-61aca8324f	e41c374aa257abf2973fb7af1e195a6754f8a0f6
recovery/2026-07-26/auto-63632a539a	e74aa2c16549155a1e1da8994ee04e02ad206efa
recovery/2026-07-26/auto-66da9e0925	4aef4d6eafa7c3d6f457a31a7ad89f607dbd4ef2
recovery/2026-07-26/auto-6a9173d19a	ffde92d18404bc028bd53e6f7e8af744ca0c521c
recovery/2026-07-26/auto-6b53d67a8a	83d4650fdf86d80b410efc9863274b87c325dae5
recovery/2026-07-26/auto-6df78473a3	3a1666a5919f1090fa71a8992b361c6c72b12728
recovery/2026-07-26/auto-6ffee12ec0	9977be31555753883eacb1fe0a0d05610a0b8bf4
recovery/2026-07-26/auto-7359d4fff3	922c196ef7d29ffa1ea117db672b7d3acd033b3a
recovery/2026-07-26/auto-743457a5bf	0b71963aa436f7aa73f3d1060112ea6bd0bbe641
recovery/2026-07-26/auto-7a6fddeef1	841f93addb4b73473b565f6b5e3e830e0e8e344d
recovery/2026-07-26/auto-7a83a1afe3	5f065a72f4dfb08d385d81bb58ef469f35910351
recovery/2026-07-26/auto-7e3f103591	5a2502d355b0c716ca3a5eabfd017637f46875c0
recovery/2026-07-26/auto-7ea3bb6343	a5959e9d775db6424ced4112380c86daae1a6444
recovery/2026-07-26/auto-8189721681	6fcfe397571487b56e55f0489a15061e76111183
recovery/2026-07-26/auto-841f256644	7f63c338c9f234163f7f33daeaa1f2bdc0d1db49
recovery/2026-07-26/auto-8739c73201	64e5248562a11563d3a0f72db0f4dc9ff001873d
recovery/2026-07-26/auto-8b9305fcf5	a30b7984e328adc20910399fe653844c5c2e44c1
recovery/2026-07-26/auto-9012cb7633	e2f16da3e9c368eb361ba4dc2fb55cc2fd918983
recovery/2026-07-26/auto-90adbbeed6	3f942dceb08094ce67f6932f6d077c7d67cfa8c3
recovery/2026-07-26/auto-9511591249	1277f3b45f1b0e47284cf5b77f33f2b58fcb6ca9
recovery/2026-07-26/auto-973225bfa0	419f0e957329bee940bab254de0436db5331eb42
recovery/2026-07-26/auto-9bdb369e9f	5405ccfd9007a39f453c1fc2d584909afbb6fc3a
recovery/2026-07-26/auto-a0e98f4004	218f8a332db79dbc9c7328078dc2f5b99e6ddcd4
recovery/2026-07-26/auto-a576987bd2	a3f919cfc50e87b1c2d5f1a71d96ca7b01b653a9
recovery/2026-07-26/auto-a659d43514	f3eb0f47c896af5011e653d8e84864cc891d04c0
recovery/2026-07-26/auto-a9ffb1a344	4ef9d14b9a1b9daca99b17f9d9a80e1946d0bccd
recovery/2026-07-26/auto-ad204e8911	0dcbcac8f95a7eb207e9bcaa46ef6c6a6fce84c6
recovery/2026-07-26/auto-adda7e3392	fca35205b1506c501f675f1e939221a10ecff11c
recovery/2026-07-26/auto-afd8c3ac03	275226ba119302ac8aedeaa552c7b53cfa75dffb
recovery/2026-07-26/auto-b359d06f71	bf57ed7c1bf3a6d7fa908053a3e7c1f93b4be315
recovery/2026-07-26/auto-b41c914782	aa408e0a3ee8a2d2e99d686e4d234c53af083550
recovery/2026-07-26/auto-b922165475	ac437ddf51ea083dbc4c4632f886ddde260c2d2e
recovery/2026-07-26/auto-b95e04f018	d27a482e4e5b12d02d34e9194c647293c4deaac9
recovery/2026-07-26/auto-b95f29aa46	05d8be6eb5dcf2ee6c9a0b242dc1a3b34c4ed4e1
recovery/2026-07-26/auto-c1c27c4c54	da8b294225e0458778b7cfa82f6e8f3f8688eb67
recovery/2026-07-26/auto-c7e55f3720	fcb268f0e1bb6e3b0874e88720818dea85f5e989
recovery/2026-07-26/auto-c8dd62f760	7501477b04c17c4158c5ffb9c99c8225c2a3aa46
recovery/2026-07-26/auto-d06ba1ca6d	0e44ea256ef9834ee70bd13401b0aaa3777de6bf
recovery/2026-07-26/auto-d21861602b	cc2d1e842c9dd8b0d441743d9e31cf6c846c74f7
recovery/2026-07-26/auto-d492d805f0	4c7a02ad349c64aa82e6aa25ad3c5c7c22175664
recovery/2026-07-26/auto-d71e387ffc	709d6f89ceb480b81c1505aed076416d3e2300a5
recovery/2026-07-26/auto-d7d97b055c	f7e35153e0f37e0859d1ad3c76cc44047b984be4
recovery/2026-07-26/auto-de9c6b1a97	f484fb974c18a40a8f1ba912d79bee62bd4a56df
recovery/2026-07-26/auto-e2a79d903b	dfdd6f5868279816f0f93178a44979bb406d0733
recovery/2026-07-26/auto-e38710a514	a1924952eb0dfd134692ed7994511f30c8c7d25b
recovery/2026-07-26/auto-e3aff92c89	b43f73f6d8be326fde5df482b7ebaac773bba751
recovery/2026-07-26/auto-e474846cdf	fc251b3fef82779ee42e1720eb7466117cbad9b4
recovery/2026-07-26/auto-e4dcdd6758	3f2580b3375cbd95f16374c8d7beb7f27fd3fdfe
recovery/2026-07-26/auto-ed021520f8	b416ecd1914709bba860029fe69e6edf928c10c7
recovery/2026-07-26/auto-f421ec5b3b	ed70ad41779337ec3fc8bf8d92cdb7bac39dc2d6
recovery/2026-07-26/auto-f792a1634e	daa77e1984237e429340716e4a4d3870563deaca
recovery/2026-07-26/auto-ff66b473ef	d9c79e022959c354678881b73dc942b5aca9d4c0
recovery/2026-07-26/behavior-ratchets	ba639791fc7f9218d711057d7bc2ab901b347d04
recovery/2026-07-26/biome-format	d966f5b3a785c718c07d68e4ad4d5d7634cfdeb5
recovery/2026-07-26/cloud-audit	801c4beb3994b3d4499a4c90fb210050bddf0657
recovery/2026-07-26/f186-late-snapshot	0e786c9b75ec4fc44f164dc3dabc5d9b60460e0a
recovery/2026-07-26/pr16800	fd03006ecb366f5b0e2f341d6aaaf86503e05174
recovery/2026-07-26/pr17085	516ef2ec4c2238f0cc5a336ab8f115ca11171ef4
recovery/2026-07-26/pr17109-evidence	d915ad16f8c548d0a1301dbf193f4c4740a03b4a
recovery/2026-07-26/pr17140-final	71fa3d61830ac2abe156cb1dc0208bdb858467dc
recovery/2026-07-26/pr17140-rebased	70ef2d41b172073f6ec01de043f6050523061581
recovery/2026-07-26/pr17140-repair	6b20bdd9178e45adbb4433809bca614e3ab864c7
recovery/2026-07-26/strong-auth	dc8053d5d3649a6b3c3a7726e39488869595d4eb
recovery/2026-07-26/wt-17080	1f3fdb559935bc7a8d2dccd941a8b7e1f6cbdbc3
reflog-backup/2026-07-26/005473924a15	005473924a15abd1aea39b92872fd971290ef5b9
reflog-backup/2026-07-26/00b2d7045b66	00b2d7045b66ba4f4da26f969a76de9980be7973
reflog-backup/2026-07-26/02ada7b327e2	02ada7b327e2a34cefe8e14ced10f787c63fbce1
reflog-backup/2026-07-26/03645f8ccbfd	03645f8ccbfd82b0df6eaab703283f2913ed2f7c
reflog-backup/2026-07-26/03be0c3aa3b1	03be0c3aa3b1c306284cfc668562e96c3e56c4f9
reflog-backup/2026-07-26/0571771a3bad	0571771a3bad296ea701a4bd2db847d38f8f325f
reflog-backup/2026-07-26/07769fd00130	07769fd00130e201e5eaa9adb043cee2a320a561
reflog-backup/2026-07-26/097c511b516b	097c511b516baa4764a719e857c10ab08d5e9388
reflog-backup/2026-07-26/0abc7946bc68	0abc7946bc68fec7bf03fe4836cb9d0ac921d394
reflog-backup/2026-07-26/0b11d3629d37	0b11d3629d374643a60ddfae46dbdef2d5409ab1
reflog-backup/2026-07-26/0bc13802247d	0bc13802247d5207278b14da7ee4e0b0ee714cc5
reflog-backup/2026-07-26/0e235b697ff7	0e235b697ff76928287141b1a3dfc388af0aef53
reflog-backup/2026-07-26/11356cbbdc3e	11356cbbdc3edf323933b60d273a8fbdd33db1f8
reflog-backup/2026-07-26/1335979b8f25	1335979b8f25c73d787a5842f408b592ea5ecbdd
reflog-backup/2026-07-26/135b0eb296b1	135b0eb296b183fd8627e6b5b0c998abc3783088
reflog-backup/2026-07-26/164f0c7634f7	164f0c7634f75eacc2f00268c5d71dfa98839b85
reflog-backup/2026-07-26/1912a09a57d4	1912a09a57d460e26e26f8cc3ffc521e3943e82e
reflog-backup/2026-07-26/191d9b8559ff	191d9b8559fffb11bc7ce4e7eec9e11321aa0458
reflog-backup/2026-07-26/1ec8123a4f8b	1ec8123a4f8bee9ac7cd74b947923e6ef2a837f0
reflog-backup/2026-07-26/20c34bef2aa3	20c34bef2aa374282c4ec4d5817aaa88fae40166
reflog-backup/2026-07-26/22682d9ddd4d	22682d9ddd4d02cb6b35e1e223ba5404eb518245
reflog-backup/2026-07-26/2590d01f8b50	2590d01f8b502a4107d83c3c1077d319d0477206
reflog-backup/2026-07-26/269fb651cc9d	269fb651cc9d72887a904e0e49eff041bc9482da
reflog-backup/2026-07-26/272b4736cd9f	272b4736cd9f8954148bbe79f07a50fc91d995c2
reflog-backup/2026-07-26/276e479778ba	276e479778ba702827107806143c57958308c8fb
reflog-backup/2026-07-26/27c2f212f169	27c2f212f169af9093887f729f5202be0bd1cd79
reflog-backup/2026-07-26/2803b0910b16	2803b0910b163aa8461630dfa448c45981db37c4
reflog-backup/2026-07-26/28ef71ed5d0c	28ef71ed5d0cad7a44f7ecb2b1ccc9ee5db0e2f6
reflog-backup/2026-07-26/291317663356	2913176633560dfc3d9e8624ec80df1073dd58dd
reflog-backup/2026-07-26/298fda949f87	298fda949f87d7a7c57c47baf642df0725041397
reflog-backup/2026-07-26/29ca5bfe2f8b	29ca5bfe2f8b01837e1d5917920525e4bce08dd6
reflog-backup/2026-07-26/2acd44360191	2acd44360191a18f6fc262a77e717ab313e298e3
reflog-backup/2026-07-26/2ad8bb85f9a0	2ad8bb85f9a071025a950c4ff26522a1875c9a0c
reflog-backup/2026-07-26/2b7b39db8899	2b7b39db8899e4efa3ea4b372f87a6857ee112eb
reflog-backup/2026-07-26/2c57bc9c48b9	2c57bc9c48b9334ed01907aa05234c7f7791d280
reflog-backup/2026-07-26/2c8f251f34a8	2c8f251f34a8e864e5f50e950bf7e73b0502dd9f
reflog-backup/2026-07-26/2d11b290c82c	2d11b290c82c05cbc246f66a889cc8fc4d9db7cc
reflog-backup/2026-07-26/2d46647a35b3	2d46647a35b3d1f062157587d0d08c07553bd2d8
reflog-backup/2026-07-26/2d679f5c12bb	2d679f5c12bb23ea04e9a0a36e0a8866f9126d60
reflog-backup/2026-07-26/2e7423bf574e	2e7423bf574ee7a7406630ce142534934338677c
reflog-backup/2026-07-26/31a505d51105	31a505d5110570e9b863275a423c2e461fdbd9ea
reflog-backup/2026-07-26/31e0fc613cab	31e0fc613cab99e5f3d2d465d33a7c015ef24cb4
reflog-backup/2026-07-26/32a28583fc63	32a28583fc63ba1783dbf7d27f0791d44f30a52a
reflog-backup/2026-07-26/32ec392999a8	32ec392999a87596d18fcab3acd9a15d0c6aa4d8
reflog-backup/2026-07-26/337f2eccd974	337f2eccd97475ec97694bd672078ee0cc3f326b
reflog-backup/2026-07-26/344edd09a85b	344edd09a85b31be4ca5376ee7ef5b7f3750e51d
reflog-backup/2026-07-26/37d7da242586	37d7da242586a33b854cbd6b2ce6b8d70469d03a
reflog-backup/2026-07-26/3c4507bd3715	3c4507bd3715d679195fe78c1af20008859bfd16
reflog-backup/2026-07-26/3df6cb2b2b1e	3df6cb2b2b1e25255ae59da1e6b5d3de2fd7f5e0
reflog-backup/2026-07-26/3f620fc6465b	3f620fc6465b55c34eb21f3a0bcaf1e22f48b1ea
reflog-backup/2026-07-26/4157517e900e	4157517e900ed3c80a510a033de1c2a3e0461a96
reflog-backup/2026-07-26/433b3e1266c9	433b3e1266c92b591de25d3f77e1e0b3a49f725e
reflog-backup/2026-07-26/442ef9557480	442ef955748064becbe73a1ab8337b17770080ab
reflog-backup/2026-07-26/44bc081630cf	44bc081630cf0df354786816117ba8d208fafcea
reflog-backup/2026-07-26/45752720979e	45752720979ea33c1a7a4eb14a5c3abc5eb7c2ce
reflog-backup/2026-07-26/462b477c8a4a	462b477c8a4a997ee293c3e5e295c9260e1d7fa6
reflog-backup/2026-07-26/46d4d16d049a	46d4d16d049a552fead94cd7090d7baae044e084
reflog-backup/2026-07-26/47474cbefb56	47474cbefb569c756ac2e32981852dab151fcf91
reflog-backup/2026-07-26/47b5f2054145	47b5f2054145b8d4102e7471b8f26645c7802574
reflog-backup/2026-07-26/489f29fb3061	489f29fb30617d5e85f1161429a15b847ec12521
reflog-backup/2026-07-26/49935bfadff3	49935bfadff3b24ea5425c15b9c7c2cfc2b30242
reflog-backup/2026-07-26/4b15e9fc35ab	4b15e9fc35ab15ee35789433367285f09fe86b7e
reflog-backup/2026-07-26/4b9d5cd3b76e	4b9d5cd3b76ec70b672a907bb44c064e2be5f9b7
reflog-backup/2026-07-26/4e2b81e136bd	4e2b81e136bde98ce2fbf02c34dbe7b5c8464761
reflog-backup/2026-07-26/4f047e7f8922	4f047e7f892236395722c98a12cfdf8476f571ff
reflog-backup/2026-07-26/4f4354a4a5fb	4f4354a4a5fb4410d7f91b3bb75568ff89314579
reflog-backup/2026-07-26/52062cce500f	52062cce500f44062386b300ac0af852b6a76a9c
reflog-backup/2026-07-26/527674be9262	527674be926270f68e43e3db746413b80bb16d64
reflog-backup/2026-07-26/54200b5cb243	54200b5cb2437a0f30a991ea7f5abc6d946db190
reflog-backup/2026-07-26/54e754fd9ea6	54e754fd9ea6a90333ffec4eb9bb5d0a5e8b1d7a
reflog-backup/2026-07-26/55169a247937	55169a24793735357900e2fb432cceb575c4507a
reflog-backup/2026-07-26/5583e625c62c	5583e625c62c3d1d220ca38bd9326f98f02e33de
reflog-backup/2026-07-26/55dd1edb1300	55dd1edb1300ef7b271d2ee54bdbe3b1def2a903
reflog-backup/2026-07-26/5735ecb6fbaf	5735ecb6fbaf3c7751c70389a11e30e12c028dcc
reflog-backup/2026-07-26/58442943af1a	58442943af1a8d9c728db280a8d2917616f9c83a
reflog-backup/2026-07-26/58d7ff75e676	58d7ff75e676cde393c6732daa8037954cb439f5
reflog-backup/2026-07-26/5a30ee84faf0	5a30ee84faf040fde04f6d6a75825bc880c210df
reflog-backup/2026-07-26/5a3f90007f9c	5a3f90007f9c3a8d48f1c88b1a04e0d60aa625ba
reflog-backup/2026-07-26/5a902de9efc1	5a902de9efc115939bf434b987b263b8b8c6e0ae
reflog-backup/2026-07-26/5a996d47712b	5a996d47712b11829737ab99b4b94dc310c724a2
reflog-backup/2026-07-26/5b6b45817370	5b6b45817370e1bca8eb33390d23234827387422
reflog-backup/2026-07-26/5d98a2fbdc16	5d98a2fbdc1606b1ce03564e48ed477bcbf54058
reflog-backup/2026-07-26/60c6b1ef4d8f	60c6b1ef4d8f4e9788fce422e26c7aac0c3efe40
reflog-backup/2026-07-26/60f432c6d130	60f432c6d1307f17ffabd865cafcd5e2077620e3
reflog-backup/2026-07-26/6213798ee353	6213798ee353deef5c730aca2d53aa475454c09c
reflog-backup/2026-07-26/62fa7e23a988	62fa7e23a9886a8360fb76f31c1792ec0b0d9921
reflog-backup/2026-07-26/632641b2760c	632641b2760ce1cc48cf379e2505c91d14af385f
reflog-backup/2026-07-26/632e3be44bd3	632e3be44bd3a1d686a9e5f7436fb569d893250b
reflog-backup/2026-07-26/64f9d6d5bccc	64f9d6d5bcccdd70f7fade694b69e2d78658cc1f
reflog-backup/2026-07-26/68081e86c53d	68081e86c53de0ad44a180d207d640cff8245705
reflog-backup/2026-07-26/68c85dd03e31	68c85dd03e31d98f937c66e4dace4380191cf57f
reflog-backup/2026-07-26/6c64e245f8de	6c64e245f8de75e0855ae2a2bc3ff281b69d4e6e
reflog-backup/2026-07-26/6c7bf9e7b07d	6c7bf9e7b07de1f7c817207865ccefa33e9e437b
reflog-backup/2026-07-26/6e5f0a1fff19	6e5f0a1fff19b58462d40d794b6eca25644f91f9
reflog-backup/2026-07-26/6eb794f2819d	6eb794f2819d52aa4173267a77147fe6813ca52e
reflog-backup/2026-07-26/6fdc6d6e27eb	6fdc6d6e27eb97b99d5ceef8e719482aa3e27648
reflog-backup/2026-07-26/7018ece12684	7018ece12684b3481d289e3d92bc4df25b9eff45
reflog-backup/2026-07-26/708a0fb87d2d	708a0fb87d2d91e13f0d26a8be0abdf249675b63
reflog-backup/2026-07-26/717559a093a2	717559a093a20f01bac4b611ce9e695d82489624
reflog-backup/2026-07-26/72876613bebd	72876613bebd40acfb8ec1d1b74d0be191becc93
reflog-backup/2026-07-26/73919196d904	73919196d90490f005bf7758766e3519ba8e6819
reflog-backup/2026-07-26/749f0c8bf5b8	749f0c8bf5b8e780963a5de3e85d819b63f9bfd1
reflog-backup/2026-07-26/77f9bd9317fb	77f9bd9317fba195fc57f675235e7cc7d7d20f51
reflog-backup/2026-07-26/799b07909a34	799b07909a3450fdf337948928beb13c5e565423
reflog-backup/2026-07-26/7b30e1901771	7b30e1901771ff718bc53b50b1dc39894adc6521
reflog-backup/2026-07-26/7c53b03f141e	7c53b03f141e7cb52c47da3cf7d8f15c7409b4ab
reflog-backup/2026-07-26/7d99f94a443d	7d99f94a443d748cdba3e6c99378d68fdcf2281f
reflog-backup/2026-07-26/7e585c55dd96	7e585c55dd96fe6da988a411a05a0adad6775ab0
reflog-backup/2026-07-26/7f9b71d1af92	7f9b71d1af923d9b009e0f43bcc5871b90e53343
reflog-backup/2026-07-26/80244d85ad0c	80244d85ad0c081e501f272848c0b9d77123cb37
reflog-backup/2026-07-26/802ca5fc9297	802ca5fc9297c0b4ceea5bef330b2c24eb2deba8
reflog-backup/2026-07-26/80ef52085bd1	80ef52085bd1e829394b9327adc5f9c4bee8e9ab
reflog-backup/2026-07-26/8128b93b2039	8128b93b2039c30c61cad30aca3d6a9faca094cd
reflog-backup/2026-07-26/82ff63237184	82ff63237184672e40834be8d3faf66d2577f10b
reflog-backup/2026-07-26/8396e94c30a2	8396e94c30a29033a15a6918612224b805864eab
reflog-backup/2026-07-26/852abfb37c5f	852abfb37c5fa35d151f3efc0dd422964f09845c
reflog-backup/2026-07-26/869ffd55c612	869ffd55c61286f28d1b29325fd0bce098988a3a
reflog-backup/2026-07-26/86b71042f297	86b71042f297f3e392a88cda76421cccf6359629
reflog-backup/2026-07-26/8722f7b75c76	8722f7b75c762518915169ed9a26d46e0c19d617
reflog-backup/2026-07-26/8808ad34ebe7	8808ad34ebe7b691be2df55612989ac2b4646fde
reflog-backup/2026-07-26/8a75b54bee55	8a75b54bee55a7e426c11d46021d0114584592b0
reflog-backup/2026-07-26/8b2907f0e665	8b2907f0e665cf1024e7dd1e4ff55ae03b479c1a
reflog-backup/2026-07-26/8e958dd4c290	8e958dd4c29022cc1029ef1384d110e52b77d4be
reflog-backup/2026-07-26/8f350a9f0145	8f350a9f01455756f9e3484f5044bbefd7546e49
reflog-backup/2026-07-26/90b9a6a09bad	90b9a6a09badcf1cf294580e9b0245b0320270e8
reflog-backup/2026-07-26/91205aace529	91205aace5296ed0990cb0bbe51ba1057288fbdd
reflog-backup/2026-07-26/91c210b367c1	91c210b367c17b1bcee3f7f9badce58f3dcd9e19
reflog-backup/2026-07-26/91e06a6e7bb5	91e06a6e7bb55a3127ac8ad78c07144087fd4ce7
reflog-backup/2026-07-26/928ff14bcee4	928ff14bcee47f42625855132bac7f427da0db9b
reflog-backup/2026-07-26/932356fc827b	932356fc827bc437c547762ad0da617717c12a7d
reflog-backup/2026-07-26/9492f22d932a	9492f22d932a501ae1a025103fcc3f3b91a24086
reflog-backup/2026-07-26/96ad2921f0c4	96ad2921f0c42205a9f615933c63837cea625437
reflog-backup/2026-07-26/971160640af8	971160640af89812f389cfcf6534a8aa48b3adae
reflog-backup/2026-07-26/9816b6ef937a	9816b6ef937a030e1398f18172b676941a22ad37
reflog-backup/2026-07-26/98393924f6c6	98393924f6c6b86e6489c9031f7a61fa59718d9c
reflog-backup/2026-07-26/9897d718b7d7	9897d718b7d71b1a88f29a1a15876a3901c346a4
reflog-backup/2026-07-26/9a5e65d000f3	9a5e65d000f34c0a04dd695a28852a6b4651bdff
reflog-backup/2026-07-26/9a9a02a0b95c	9a9a02a0b95c1756dfbdddbb490ebff3d96b552a
reflog-backup/2026-07-26/9ebf322eb91f	9ebf322eb91f7e7c616fd555dff7b2fd80188faf
reflog-backup/2026-07-26/9f0ce25f86bf	9f0ce25f86bfc1c8739ef6af578a9468dc30b09b
reflog-backup/2026-07-26/9fda13d039a3	9fda13d039a3389c43bfa4de13fb401977f18cef
reflog-backup/2026-07-26/9fde47158f09	9fde47158f09e66180a164ea1a01e97f7d777bf7
reflog-backup/2026-07-26/9ff4360f9da8	9ff4360f9da87669a419cdc1bd91ba2527fa0bf8
reflog-backup/2026-07-26/a136ee2e4fa6	a136ee2e4fa628079bf6ac3898ac13b22f556727
reflog-backup/2026-07-26/a25af2f07911	a25af2f07911930ded76235489ca450c559c8970
reflog-backup/2026-07-26/a26586fdb320	a26586fdb320791956b119828ee7980464329b8a
reflog-backup/2026-07-26/a2910c5f9d30	a2910c5f9d3010f250f6290265bf8ff299c9703d
reflog-backup/2026-07-26/a33cc591ae14	a33cc591ae14d98220611aaa445cb81f616591f6
reflog-backup/2026-07-26/a5d5fd332767	a5d5fd332767e45e09a22c639777f85fd7c1e810
reflog-backup/2026-07-26/a647b458ccce	a647b458ccce4040532f19bc8ba80115f6353212
reflog-backup/2026-07-26/a69cfe1cd42f	a69cfe1cd42f0bd3d4a0e1b67d877ccd3029545d
reflog-backup/2026-07-26/a74ecd909d9d	a74ecd909d9d8516751bcefc28d8af785f0962f5
reflog-backup/2026-07-26/a85c10f9e38c	a85c10f9e38c07dfc081a87ceb39819175059fdc
reflog-backup/2026-07-26/aa0085a7a2f9	aa0085a7a2f919b82068971a2d4fe72ca1d2b8fb
reflog-backup/2026-07-26/aa067c43cbb5	aa067c43cbb5ab534872cbe6f60d300bb6235ee9
reflog-backup/2026-07-26/aa90376019f5	aa90376019f50f66249d62901157545b8a68f6b2
reflog-backup/2026-07-26/aac2f5146b85	aac2f5146b85525641b3d0185afa38b0d66f16e8
reflog-backup/2026-07-26/abb7eb610485	abb7eb61048559ea338ec2d17ec47b732e671815
reflog-backup/2026-07-26/ac0adf00d3ae	ac0adf00d3ae6a19ef2a4a5e969f4feaef689467
reflog-backup/2026-07-26/b042a0237a25	b042a0237a257c7656ea5c0eadd0b044ba7fdcbf
reflog-backup/2026-07-26/b0780ef2122d	b0780ef2122dfed7a94583b2196b0740b81f40c9
reflog-backup/2026-07-26/b0d77be6695f	b0d77be6695fde8a6c8ae8e8118008f9b8abc515
reflog-backup/2026-07-26/b0daf5ff1f09	b0daf5ff1f092389198e6ed5b853433a924113b2
reflog-backup/2026-07-26/b1271bc9e544	b1271bc9e544799ba468f262361d6c538605690e
reflog-backup/2026-07-26/b163afa3a98b	b163afa3a98b0820e0734393a5cc677becaa3bc8
reflog-backup/2026-07-26/b1df3759a28b	b1df3759a28b1f594988a13565417c17548ff70e
reflog-backup/2026-07-26/b412077ae318	b412077ae318ba3ea3597ac17d7686dfb5c93412
reflog-backup/2026-07-26/b418839c1394	b418839c139431cf30ceb00212281297130fd53c
reflog-backup/2026-07-26/b43036d2fea7	b43036d2fea7e42ce98305b324861c6b7cba12d2
reflog-backup/2026-07-26/b6395fa8df5e	b6395fa8df5e2c4ce96529d08cc6c597da183452
reflog-backup/2026-07-26/b706b73b5ac3	b706b73b5ac36255bb5d022750fe503db17446cb
reflog-backup/2026-07-26/b732e8ee29a6	b732e8ee29a630bdd5feb5318a86891443571167
reflog-backup/2026-07-26/b85cdfa7cb9b	b85cdfa7cb9b6f3bbd767e9dbe77d61286846e84
reflog-backup/2026-07-26/bb95289a459a	bb95289a459a8abee5777dc2dbacaf22f94b9069
reflog-backup/2026-07-26/bb97fed1f0fc	bb97fed1f0fc6558e449edf82e0b9a84676bf4df
reflog-backup/2026-07-26/bc4170c05b09	bc4170c05b098b509e007417831135e7e43f8b62
reflog-backup/2026-07-26/bca63abda9f2	bca63abda9f2a8369589c24f4464b983e54e2ca0
reflog-backup/2026-07-26/bd55ff10d0e6	bd55ff10d0e6b694d8647954e8bd9f92bb22a63f
reflog-backup/2026-07-26/bf155f309f7f	bf155f309f7f7c0ff3c3e2629210ced8391fbb9d
reflog-backup/2026-07-26/bf6abfe2ab51	bf6abfe2ab5100af03067afdb5db60f887cd353a
reflog-backup/2026-07-26/bfa71ac778a8	bfa71ac778a8ef6c3e96e381e41ec37fbd371c3c
reflog-backup/2026-07-26/c097c6b88c62	c097c6b88c629ef8f117ef84693b1174540a83d1
reflog-backup/2026-07-26/c2cec77709c9	c2cec77709c9e78e4e59ad47c42001c9575cf459
reflog-backup/2026-07-26/c5af530f940f	c5af530f940ffad497d5d6812e7b5a1769c95c55
reflog-backup/2026-07-26/c61d93705ec6	c61d93705ec6940716f6391594503b61de481aed
reflog-backup/2026-07-26/c65f25f6cc4b	c65f25f6cc4b8d595d689071bdbf8527061520f7
reflog-backup/2026-07-26/c68d676ad4a6	c68d676ad4a615afa333ef05cd839c25db71c127
reflog-backup/2026-07-26/c768aa7c9846	c768aa7c9846976038fd2558b0bfcc1f77ec16f1
reflog-backup/2026-07-26/c7d7ee81fe1b	c7d7ee81fe1b3e3db5c7dafe1c58aac3ba5505fb
reflog-backup/2026-07-26/c94bef3e7468	c94bef3e7468b51ec85738b52560bc9a8039465d
reflog-backup/2026-07-26/c9d46cc33797	c9d46cc3379767478057bb63692168c8a0e074b1
reflog-backup/2026-07-26/cb6a57e7e5db	cb6a57e7e5db1bec593843b8c4995959a5df3583
reflog-backup/2026-07-26/cb89993319ec	cb89993319eca0e1647a0c2eb10cfac96dc48463
reflog-backup/2026-07-26/cf94400c1343	cf94400c1343b08a4ecefc05fec91706b9a8d364
reflog-backup/2026-07-26/d01ebc0935ab	d01ebc0935ab3634b234cd2322dc67a397fe83cb
reflog-backup/2026-07-26/d04879bc512d	d04879bc512dc2ea5d317c987ec5f6bdc4a9c17c
reflog-backup/2026-07-26/d2a2efa74c94	d2a2efa74c94188a7a3a5c669d8a61c6610fa0e5
reflog-backup/2026-07-26/d7f356e15b02	d7f356e15b02bea61700bb2a611f326ba6daf70a
reflog-backup/2026-07-26/d94dc6bc32a0	d94dc6bc32a0ab6059138dfa5f0ca9fee2cc32ec
reflog-backup/2026-07-26/db18da723e76	db18da723e7637399c6bf782bbd171fe517284ce
reflog-backup/2026-07-26/dcc51826386d	dcc51826386de7e4052a5a98bb67e6afdb9020c3
reflog-backup/2026-07-26/dd6ce6ee7df0	dd6ce6ee7df09f8e34efa0d8c207f494dd7a1347
reflog-backup/2026-07-26/ddd2d7c42d03	ddd2d7c42d035de82b07dab32ce01a5aec1ccaba
reflog-backup/2026-07-26/de9bc1e5f50c	de9bc1e5f50c39cd4f1582f06e29a57207142357
reflog-backup/2026-07-26/dee1c3caeeb6	dee1c3caeeb676bdf7c86b0bb3cf6eed8969afcf
reflog-backup/2026-07-26/e0e6d00b14f7	e0e6d00b14f7a5cba4a4b21c579f9c7d402c3cb7
reflog-backup/2026-07-26/e1caaeece0f8	e1caaeece0f8c84b5d8af4c0784ad298dedc5a64
reflog-backup/2026-07-26/e28e59fcc1b2	e28e59fcc1b2ecb77b3d0c703ca07adcb6715304
reflog-backup/2026-07-26/e8279a56463c	e8279a56463c0ed2362f7a39caab98193714afa9
reflog-backup/2026-07-26/e9d98813621a	e9d98813621ae51dc5cb7e556d7826e9b4f2ac7c
reflog-backup/2026-07-26/ec98654816f1	ec98654816f1fe391f4b2ce50a0e7cdf6d46a5ea
reflog-backup/2026-07-26/ed0492edb35e	ed0492edb35e9f2884dc9d02e35c027847157246
reflog-backup/2026-07-26/edf944f68dac	edf944f68dac7a9f46eab06d07aeced7e67e9ce2
reflog-backup/2026-07-26/ee941a84444c	ee941a84444c31e2e352ebbc7d246af1712a7bf2
reflog-backup/2026-07-26/f0e56cce80e2	f0e56cce80e21503332951cfbab1040343042dc1
reflog-backup/2026-07-26/f2b587d85872	f2b587d8587240d2215be4f0a72f2f0e3804fd8b
reflog-backup/2026-07-26/f32756c4d51d	f32756c4d51d50dbbd56a30b01739175c4d56452
reflog-backup/2026-07-26/f4972ad4fbf4	f4972ad4fbf474204d6eb929ada1f4b94eea17af
reflog-backup/2026-07-26/f622214906e1	f622214906e17ee42db30e74b5d41563b8edc08e
reflog-backup/2026-07-26/f6fd40eed409	f6fd40eed409a3723cbe7ad4e0aa06edeca1790b
reflog-backup/2026-07-26/fa56d0545c58	fa56d0545c58544fe6fbe5b1d7d29c2aa0cb12e8
reflog-backup/2026-07-26/fd030a37414b	fd030a37414b38552f2ab76a1f294da522b91236
reflog-backup/2026-07-26/fdd1c915c822	fdd1c915c822a9d0cf65c43b0fcb3bed0a97a1c5
reflog-backup/2026-07-26/ff35bd7879bf	ff35bd7879bff14e53c906c5c00a99140eedf3e1
stash-backup/2026-07-26/1bfc8e84e23b	1bfc8e84e23bc7dec1ff7e592ced2b699388a4c9
stash-backup/2026-07-26/2b0a1accf831	2b0a1accf83168be29599d24367e9b26ef59ba83
stash-backup/2026-07-26/4ad495aee326	4ad495aee326a1c4768d5aea14ec7ad9b6a06225
stash-backup/2026-07-26/788a0dec6bcc	788a0dec6bccf5312bafc782a995e11ef9e1b119
stash-backup/2026-07-26/81652d81b29a	81652d81b29a8eadb199c2ca57ec14573d71acde
stash-backup/2026-07-26/aab372c0a0af	aab372c0a0af70bf4e6b590b98a0f6fc39364536
stash-backup/2026-07-26/e979435f3351	e979435f3351ab2fff35609d94e81fd4bacbb13d
stash-backup/2026-07-26/f6b84739e5e8	f6b84739e5e848e46a0193cbca68b11c0293dc9f
fix/lifeops-onboarding-audit	4cfa1e9db5ba51544750ccc4e15fadba16511822
